row_id,Biofluid,Metabolic_traits,Platform,Study_population,N_Traits,Cohort_size,N_Loci,Reference,Ref_URLs
1,Serum,Targeted MS,MS (Biocrates),German,363 + all ratios,284,4,"Gieger et al., 2008",http://journals.plos.org/plosgenetics/article?id=10.1371/journal.pgen.1000282
2,Plasma and Serum,Sphingolipids,MS,European,33 + 43 ratios,"4,400",5,"Hicks et al., 2009",http://journals.plos.org/plosgenetics/article?id=10.1371/journal.pgen.1000672
3,Serum,Mainly phospholipids,MS (Biocrates),"German, British","163 + 26,406 ratios","1,809 + 422",9,"Illig et al., 2010",https://www.nature.com/articles/ng.507
4,Urine,NMR-derived metabolites,NMR (Chenomx),German,"59 + 1,661 ratios",862 + 992,5,"Suhre et al., 2011",https://www.nature.com/articles/ng.837
5,Plasma,"n-3 PUFAs (ALA, EPA, DPA, and DHA)",Gas chromatography,European ancestry (CHARGE),4,"8,866",3,"Lemaitre et al., 2011",https://journals.plos.org/plosgenetics/article?id=10.1371/journal.pgen.1002193
6,Serum,"Non-targeted MS, knowns",MS (Metabolon),"German, British",276 + 37 179 ratios,"1,768 + 1,052",37,"Suhre et al., 2011",https://www.nature.com/articles/nature10354
7,Urine and Plasma,"Urine: NMR peaks, plasma: mainly phospholipids",NMR + MS,British,Urine: 512 peaks plasma: 163 + ratios,211,3,"Nicholson et al., 2011",http://journals.plos.org/plosgenetics/article?id=10.1371/journal.pgen.1002270
8,Serum,Mainly lipid traits,NMR (Brainshake),Finnish,117 + 99 ratios,"8,330",31,"Kettunen et al., 2012",https://www.nature.com/articles/ng.1073
9,Plasma,Phospholipids + sphingolipids,MS (Biocrates),European,153,"4,034",35,"Demirkan et al., 2012",http://journals.plos.org/plosgenetics/article?id=10.1371/journal.pgen.1002490
10,Serum,Mainly lipid traits,NMR,Finnish,117 + 99 ratios,"8,330",30,"Tukiainen et al., 2012",https://academic.oup.com/hmg/article/21/6/1444/560782
11,Serum,Mainly lipid traits and low-weight metabolites,NMR (Brainshake),"Finnish, British",130,"1,905 + 4,703",34,"Inouye et al., 2012",http://journals.plos.org/plosgenetics/article?id=10.1371/journal.pgen.1002907
12,Serum,"Non-targeted MS, unknowns",MS (Metabolon),German,517,"1,768",34,"Krumsiek et al., 2012",http://journals.plos.org/plosgenetics/article?id=10.1371/journal.pgen.1003005
13,Urine,NMR peaks,NMR,Brazil,2425,265,2,"Montoliu et al., 2013",https://link.springer.com/article/10.1007%2Fs12263-012-0313-7
14,Plasma,NMR peaks,NMR,German,"8,600 + 124,750 ratios","1,757",7,"Raffler et al., 2013",https://genomemedicine.biomedcentral.com/articles/10.1186/gm417
15,Plasma,"Fatty acids 16:0, 16:1n-7, 18:0, and 18:1n-9",GC,5 European cohorts,4,"8,961",7,"Wu et al., 2013",https://www.ahajournals.org/doi/abs/10.1161/CIRCGENETICS.112.964619
16,Serum,MS peaks,MS,Swedish,"6,138",402 + 489,7,"Hong et al., 2013",https://onlinelibrary.wiley.com/doi/abs/10.1002/humu.22267
17,Plasma,"Amino acids, amines, polar metabolites, lipids",MS,USA (European ancestry),217,"2,076",31,"Rhee et al., 2013",https://linkinghub.elsevier.com/retrieve/pii/S1550-4131(13)00257-X
18,Urine,NMR peaks,NMR,"European, Brazil","1,276",835 + 601,11,"Rueedi et al., 2014",http://journals.plos.org/plosgenetics/article?id=10.1371/journal.pgen.1004132
19,Serum,"Non-targeted MS, knowns and unknowns",MS,African American,308,"1,260",19,"Yu et al., 2014",http://journals.plos.org/plosgenetics/article?id=10.1371/journal.pgen.1004212
20,Serum,"Non-targeted MS, knowns and unknowns",MS (Metabolon),European,"486 + 98,346 ratios","7,824",145,"Shin et al., 2014",https://www.nature.com/articles/ng.2982
21,Serum,Targeted MS (mainly phospholipids) + non-targeted MS (knowns),MS (Metabolon & Biocrates),European,344 (151 + 193),"1,809 + 843",12 new,"Ried et al., 2014",https://academic.oup.com/hmg/article/23/21/5847/2901042
22,Serum,NMR-derived metabolites,NMR,European,42,"2,118",8,"Demirkan et al., 2015",http://journals.plos.org/plosgenetics/article?id=10.1371/journal.pgen.1004835
23,Serum,Mainly phospholipids,MS (Biocrates),European,129,"7,478 + 1,182",31,"Draisma et al., 2015",https://www.nature.com/articles/ncomms8208
24,Blood,Circulating trans fatty acids,Diverse,"7 cohorts of European-ancestry, replication in 3 non-European cohorts",>5-7 (study dependent),"8,013 + (1,082 + 669 + 657)",1 (31 SNPs in FADS1/2 cluster),"Mozaffarian et al., 2015",https://academic.oup.com/ajcn/article/101/2/398/4494397
25,Urine,NMR-derived metabolites and NMR peaks,NMR,European,"15,379 features (incl. ratios)","3,861 + 1,691",26,"Raffler et al., 2015",http://journals.plos.org/plosgenetics/article?id=10.1371/journal.pgen.1005487
26,Blood,Amino Acids and Acylcarnitines,MS,European,96,"2,107",16,"Burkhardt et al., 2015",https://journals.plos.org/plosgenetics/article?id=10.1371/journal.pgen.1005510
27,Plasma,"FIA-MS derived, mainly acylcarnitines and amino acids",MS,US population,63,"1,490 + 2,022",6,"Kraus et al., 2015",http://journals.plos.org/plosgenetics/article?id=10.1371/journal.pgen.1005553
28,RBC,Fatty acids in RBCs,GC,Framingham Heart Study,14,"2,633",5,"Tintle et al., 2015",https://www.sciencedirect.com/science/article/pii/S0952327814001987
29,Blood,"Lipoprotein lipids and subclasses, fatty acids, amino acids, glycolysis precursors",NMR (Brainshake),14 cohorts from Europe,123,"24,925",62,"Kettunen et al., 2016",https://www.nature.com/articles/ncomms11122
30,Plasma,Non-targeted MS,LC-MS,European-American,217,"2,076 + 1,528",4,"Rhee et al., 2016",https://www.nature.com/articles/ncomms12360
31,Plasma,Non-targeted MS focusing on carnitine pathways with whole genome sequencing,LC-MS,European-American,16,"1,456",2,"Yazdani et al., 2016",https://onlinelibrary.wiley.com/doi/full/10.1002/gepi.21980
32,Plasma,Non-targeted MS with exome sequencing,LC-MS (Metabolon),African-Americans,308,"1,361 + 508",4,"Yu et al., 2016",https://www.ncbi.nlm.nih.gov/pubmed/27602404
33,Plasma,Caffeine metabolites,UPLC- MS/MS or UPLC- ESI-MS/MS,six population-based studies of European ancestry,4 + 1 ratio,"9,876",4,"Cornelius et al., 2016",https://academic.oup.com/hmg/article/25/24/5472/2581117
34,Plasma + RBCs,"16:1n-7, 18:1n-7, 18:1n-9, 20:1n-9, 22:1n-9, 24:1n-9 fatty acids",gas chromatography or gas-liquid chromatography,Meta-analysis of Chinese and European ancestries,6,"3,521 + 12,020",10,"Hu et al., 2017",http://www.jlr.org/content/58/5/974.long
35,Plasma,Small peptide subset of the non-targeted Metabolon metabolomics platform,Metabolon HD4,European and African Americans (ARIC study),25,"1,552 + 1,872",22,"de Vries et al., 2017",https://academic.oup.com/hmg/article/26/17/3442/3953984
36,Plasma,Targeted and Non-targeted MS,Biocrates + Metabolon,TwinsUK study,160 + 488,"1,001 twins",7,"Yet et al., 2016",http://journals.plos.org/plosone/article?id=10.1371/journal.pone.0153672
37,Plasma,Non-targeted MS,Metabolon HD4,TwinsUK study,644,"1,960 with three time points",101 (17 genes with potential LoF variants),"Long et al., 2017",https://www.nature.com/articles/ng.3809
38,Plasma,Non-targeted MS,Metabolon HD4,Qatari,826,614 (exome seq) + 382 (2.5 Omni array),21 common + 12 rare variants,"Yousri et al., 2018",https://www.nature.com/articles/s41467-017-01972-9
39,Plasma,Amino acids,NMR,non-diabetic Finnish men,9,"8,545",5 common + 2 rare/gene-based,"Teslovich et al., 2018",https://academic.oup.com/hmg/article/27/9/1664/4899080
40,Serum,Non-targeted MS,Lipid-related metabolites from Metabolon platform,ARIC,102,"1552 European-and 1872 African-Americans, using WES and WGS",7 novel lipid-related metabolite-genomic region associations,"Feofanova et al., Genetics, 2018",https://www.genetics.org/content/209/2/607
41,Plasma,"Amino acids, acylcarnitines, sphingolipids",MS,Singapore Chinese,162 + 70 ratios,"2,434",17,"Chai et al., ASHG 2018 abstract",https://eventpilot.us/web/page.php?nav=false&page=Session&project=ASHG18&id=20302107&plannersession=true
42,Plasma,Lipidomics,Lipotype platform,European,141 + 12 lipid classes,"2,045",35 lipidspecies- associated loci,"Tabassum et al., Nature Comms, 2019, preprint BioRxiv, 2018 (presented at ASHG 2018)",https://www.nature.com/articles/s41467-019-11954-8 ; https://www.biorxiv.org/content/early/2018/10/31/457960 ; https://eventpilot.us/web/page.php?nav=false&page=Session&project=ASHG18&id=10302103&plannersession=true
43,Plasma + serum,Glycine,Metabolon HD4 + Biocrates p180 + Nightingale,European,1,"80,003",27,"Wittemans et al., 2019",https://www.nature.com/articles/s41467-019-08936-1
44,Serum,Non-targeted MS,Metabolon HD4,Middle-aged individuals (45 to 64 years) from the ARIC study,122,"1,376","52 Loss of function variants (Exome sequencing, p<1E-6)","Yazdani et al., 2019",https://bmcgenomics.biomedcentral.com/articles/10.1186/s12864-019-5772-4
45,NA,NA,NA,LIFE-Adult & LIFE-Heart studies,8 steroid hormones,"7,667",15 novel,"Pott et al., J Clin Endocrinol Metab. 2019",https://www.ncbi.nlm.nih.gov/pubmed/31169883
46,Plasma,"Plasma triglycerides, phospholipids",LC-MS,"Leiden Longevity Study, Netherlands Twin Register, Erasmus Rucphen Family (ERF) study",90 lipids,"5,537",34 replicated + 11 novel,"Demirkan et al., bioRxiv 2019",https://www.biorxiv.org/content/10.1101/621334v2
47,Serum,Non-targeted MS,Metabolon HD4,Elite athletes,751,490,"19 elite athlete mQTLs, 4 endurance mQTLs","Al-Khelaifi et al., Scientific Reports, 2019",https://www.nature.com/articles/s41598-019-56496-7
48,Urine,Non-targeted MS,Metabolon HD2/HD4,Patients with reduced kidney function,"1,172","1,627",240,"Schlosser et al., Nature Genetics, 2020",https://www.nature.com/articles/s41588-019-0567-8
49,Saliva,Non-targeted MS,Metabolon HD4,TwinsUK + SHIP,476,"1,419",14 metabolites at 11 loci,"Abhishek et al., Hum Mol Gen, 2020",https://doi.org/10.1093/hmg/ddz308
50,Serum,Non-targeted MS,Metabolon HD4,two cohorts (Israeli),"1,170",413,68,"Bar et al., Nature, 2020",https://www.nature.com/articles/s41586-020-2896-2
51,Serum,"PUFA, omega-3, omega-6, and LA and DHA",NMR,"PREDIMED Plus trial, Valencia, Spain",5,426,1 genome-wide sign. locus (FADS1 region),"Coltell et al., Nutrients 2020",https://www.mdpi.com/2072-6643/12/2/310
52,Serum,Non-targeted MS,Metabolon HD4,Hispanic (Hispanic Community Health Study/Study of Latinos participants),640,"3,926",46,"Feofanova et al., AJHG 2020",https://www.cell.com/ajhg/fulltext/S0002-9297(20)30323-2
53,Cerebrospinal fluid (CSF),Non-targeted MS,Metabolon HD4,WADRC and WRAP Alzheimer's studies,338,689,16,"Panyard et al., Nature Comms, 2021, previously bioRxiv 2020",https://www.nature.com/articles/s42003-020-01583-z ; https://www.biorxiv.org/content/10.1101/2020.02.14.948398v1
54,Plasma,Non-targeted MS,in-house LC-MS/MS platform for polar lipophilic metabolites,FINRISK02 + replication in Framingham Heart Study,"11,067 features","7,013 + 2,886","118 loci associated with 2,319 features","Qin et al., medRxiv 2020",https://www.medrxiv.org/content/10.1101/2020.08.01.20166413v1
55,Serum,Direct Infusion High-Resolution Mass Spectrometry (DIHRMS),in-house platform described here,Pakistan Risk of Myocardial Infarction Study (PROMIS) + British blood donors from the INTERVAL study,340 lipid metabolites in PROMIS + 399 in INTERVAL,"5,662 in PROMIS + 13,814 in INTERVAL",253 lipidQTLs at 24 independent loci in PROMIS + 502 lipid QTLs at 38 loci in INTERVAL,"Harshfield et al., BMC Medicine 2021, preprint on medRxiv 2020",https://bmcmedicine.biomedcentral.com/articles/10.1186/s12916-021-02087-1 ; https://www.medrxiv.org/content/10.1101/2020.10.16.20213520v1
56,?,?,?,TOPMed,?,?,Multi-Ethnic Whole-Genome Sequencing Analysis of Human Metabolome Identifies 93 Novel Genetic Loci,"Bing Yu et al., ASHG 2020",https://nhlbiwgs.org/abstract-viewer-public
57,Blood,Multi-platform,"Biocrates p180, Nightingale NMR, Metabolon HD4","Fenland, EPIC-Norfolk, INTERVAL",174,"86,507",499 associations at 144 loci,"Lotta et al., Nature Genetics, 2021, preprint bioRxiv, 2020",https://www.nature.com/articles/s41588-020-00751-5 ; https://www.biorxiv.org/content/10.1101/2020.02.03.932541v1
58,Plasma,N-acyl ethanolamine and ceramide plasma lipidome,Targeted Lipidomics using UPLC/ESI-MS/MS,"UK residents, families",9 N-acyl ethanolamine and 16 ceramide species,999 members of 196 British Caucasian families,~5,"McGurk et al., Human Mol Gen, 2021",https://academic.oup.com/hmg/article/30/6/500/6089115
59,Plasma,Non-targeted MS,not specified,Han Chinese,"161 + 12,280 ratios","1,028 + 523",13,"Wang et al., Clinical and Translational Medicine, 2021",https://onlinelibrary.wiley.com/doi/full/10.1002/ctm2.290
60,Urine,Non-targeted MS,Metabolon HD4,German Chronic Kidney Disease (GCKD) cohort,"1487 + 53,714 ratios","4,864 (4,795 for ratios)","420 associations (MAF<1%), 38 gene associations for rare variant tests (60 for ratios)","Cheng et al., Nature Communications, 2021",https://www.nature.com/articles/s41467-020-20877-8
61,Blood,Targeted & non-targeted MS (study also analyzed transciptomics & proteomics),Biocrates p150 & Metabolon HD2,DIRECT study,163 (Biocrates) + 223 (Metabolon),"3,029",301 independent metabolite-QTLs,"Vinuela et al., medRxiv 2021",https://www.medrxiv.org/content/10.1101/2021.03.26.21254347v1
62,Serum,Non-targeted MS,Metabolon HD4,African American Study of Kidney Disease and Hypertension,652,619,42,"Luo et al., Kidney Int., 2021",https://www.kidney-international.org/article/S0085-2538(21)00361-6/abstract
63,Urine,1H NMR,in-house,Caucasian,"1,276 features after QC",555,21,"Flitman et al., J. Proteome Res., 2021, preprint bioRxiv 2020",https://pubs.acs.org/doi/10.1021/acs.jproteome.1c00585 ; https://www.biorxiv.org/content/10.1101/2020.05.22.110197v1
64,Plasma,UPLC–QTOFMS,West Coast Metabolomics Center at University of California Davis,Old Order Amish founder population,355 lipid species,650,"five rare Amish enriched loci, three of which are novel, replicated 7 previously known common loci","Montasser et al., bioRxiv 2021",https://www.biorxiv.org/content/10.1101/2021.05.21.445208v1
65,"Plasma, mitochondrial DNA",Targeted MS,Biocrates p150,KORA study,151,"2,718",NA (mitochondrial DNA),"Aboulmaouahib et al. (Human Molecular Genetics, 2021)",https://doi.org/10.1093/hmg/ddab312
66,Plasma,Non-targeted MS,Metabolon HD4,NIHR BioResource (only individuals of full European ancestry),722 named metabolites,"8,809",74 novel,"Hysi et al. (Metabolites, 2022)",https://www.mdpi.com/2218-1989/12/1/61
67,"Plasma, before/after liquid meal","Lipoprotein lipids and subclasses, fatty acids, amino acids, glycolysis precursors",NMR (Nightingale),"NEO study, Leiden, Netherlands",148,"up to 4,734",several QTLs with fasting-to-postprandial-state changes,"Li-Gao et al. (Diabetes, 2021)",https://doi.org/10.2337/db21-0397
68,Plasma,Non-targeted MS,Broad institute,Chronic Renal Insufficiency Cohort (CRIC) Study (822 White and 687 Black study participants),537,1678,45 mQTL at 19 loci,"Rhee et al. (Kidney Intl, 2022)",https://doi.org/10.1016/j.kint.2022.01.014
69,Plasma,Non-targeted MS,Metabolon HD4,"Men from the late-settlement region of Finland, bottle-necked population","1,391","6,136",303 novel association signals,"Yin et al. (Nat. Comms 2022), medRxiv 2021",https://www.nature.com/articles/s41467-022-29143-5 ; https://www.medrxiv.org/content/10.1101/2021.10.19.21265094v1
70,Serum,LC-MS,in-house,Korea Association REsource (KARE) project,64 (53 with pathway information),627,"32 (17 with glycine, 15 with dimethylglycine)","Jung et al. (Front. Genet., 2022)",https://www.frontiersin.org/articles/10.3389/fgene.2022.814412/full
71,Plasma,NMR,Nightingale platform (limited to 16 selected metabolites),UK Biobank,16,"94,464",213,"Smith et al., bioRxiv 2022",https://www.biorxiv.org/content/10.1101/2022.04.02.486791v1
72,Plasma,Non-targeted MS,Metabolon HD4,Interval study,995,"2,805 WGS + 3,924 WES",40 novel associations implicating rare coding variants,"Bomba et al., AJHG 2022",https://www.sciencedirect.com/science/article/pii/S0002929722001574
73,Plasma,Non-targeted MS,"Metabolon HD4, limited to acetaminophen metabolites",Qatar Biobank,9 acetaminophen metabolites and 36 ratios between them,520,2,"Thareja et al., Metabolites, 2022",https://www.mdpi.com/2218-1989/12/6/496
74,Plasma,"Lipoprotein lipids and subclasses, fatty acids, amino acids, glycolysis precursors",NMR (Nightingale),UK Biobank (white British UKB sub-population),"168 traits + >14,000 ratios","98,698","215 (out of 892 tested lipid risk loci, this is not a GWAS)","Suhre et al., medRxiv 2022",https://www.medrxiv.org/content/10.1101/2022.06.12.22276286v1
75,Serum,Targeted MS with Whole Exome Sequencing,Biocrates p180,Alpine CHRIS Cohort,175,5505,85,"König et al., Metabolites 2022",https://www.mdpi.com/2218-1989/12/7/604
76,Plasma,fourteen PUFA and MUFA phenotypes,NMR (Nightingale),UK Biobank + replication ion two external European studies,14,"101,729",51,"Francis et al., medRxiv 2022",https://www.medrxiv.org/content/10.1101/2022.05.27.22275343v2
77,Blood,"Lipoprotein lipids and subclasses, fatty acids, amino acids, glycolysis precursors",NMR (Nightingale),33 predominantly population-based cohorts,233,"136,016",>400,"Karjalainen et al., medRxiv 2022",https://www.medrxiv.org/content/10.1101/2022.10.20.22281089v1
78,Plasma,Non-targeted MS,Metabolon HD4,Interval & EPIC Norfolk,913,"14,296",423,"Surendran et al., Nature Medicine 2022",https://www.nature.com/articles/s41591-022-02046-0
79,Plasma,Warfarin metabolites,HPLC-MS/MS,"sub- Saharan black African population (South Africa, Uganda)",13,548,373 unique SNPs in 13 genes,"Asiimwe et al., Frontiers Pharmacology, 2022",https://www.frontiersin.org/articles/10.3389/fphar.2022.967082/full
80,Plasma,Targeted MS,GC-MS,Japanese,121,"4,888",60,"Iwasaki et al., iScience 2023",https://www.cell.com/iscience/fulltext/S2589-0042(22)02011-9
81,Plasma,Non-targeted MS,Metabolon HD4,Canadian Longitudinal Study of Aging (CLSA),"1,091 + 309 ratios","8,299","1,509","Chen et al., Nature Genetics 2023",https://www.nature.com/articles/s41588-022-01270-1
82,Plasma,Non-targeted MS,Uses two LC-MS methods on an Agilent system & whole genome sequencing,Black individuals from the Jackson Heart Study,"2,291 metabolite peaks","2,466",519,"Tahir et al., Nature Comms 2022",https://www.nature.com/articles/s41467-022-32275-3
83,Red blood cells (RBC),UHPLC-MS,in-house,Donors at REDS-III US blood centers,382,243,423,"Moore et al., JBC 2022",https://www.jbc.org/article/S0021-9258(22)01149-8/fulltext
84,Skeletal muscle (duck),Non-targeted MS,LC–MS/MS and SPME-GC-HRMS,Pekin duck × Liancheng duck crosses,3431 metabolites and 702 volatiles,423,"2,862 signals","Liu et al., Advanced Science 2023",https://onlinelibrary.wiley.com/doi/10.1002/advs.202300148
85,Urine & Plasma,Non-targeted MS,Metabolon HD4,German Chronic Kidney Disease (GCKD) study,"1,916","5,023","1,299","Schlosser et al., Nat. Genet. 2023",https://www.nature.com/articles/s41588-023-01409-8
86,Urine,NMR,600 MHz Bruker AVANCE III HD NMR spectrometer,"3 European cohorts (Generation Scotland, VIKING, FinnDiane)",54,"8,026",52,"Valo et al., medRxiv 2023",https://www.medrxiv.org/content/10.1101/2023.12.20.23300206v1
87,Plasma,four MS/MS assays,"amino acids, hormones, water-soluble vitamins (WSV), fat-soluble vitamins (FSV), and metal elements",Chinese pregnant women,84,"34,394",30 novel metabolite-gene associations,"Liu et al., medRxiv 2023",https://www.medrxiv.org/content/10.1101/2023.11.26.23299022v1
88,Plasma,Mass spectrometry-based shotgun lipidomics,Lipotype GmbH,Finnish individuals from the GeneRISK cohort,179 lipids from 13 lipid classes,"7,174",495 genome-trait associations in 56 genetic loci,"Ottensmann et al., Nat. Comm. 2023",https://www.ncbi.nlm.nih.gov/pmc/articles/PMC10618167/
89,Plasma,LC-MS,"plasma eicosanoids and related metabolites, including PUFAs",Atherosclerosis Risk in Communities (ARIC) Study,223,"8,406",41,"Rhee et al., Commun. Biol. 2023",https://www.nature.com/articles/s42003-023-05159-5
90,Cerebrospinal fluid (CSF) and brain,Non-targeted MS,Metabolon HD4,multiple Alzheimer's cohorts,440,"2,602 (CSF) and 1,016 (brain)",219 (CSF) and 36 (brain),"Wang et al., pre-print on Research Square, 2023",https://doi.org/10.21203/rs.3.rs-2923409/v1
91,Red blood cells (RBC),,,Women's Health Initiative Memory study,28 fatty acids,"7,479 women",12,"Westra et al., PLEFA 2023",https://www.plefa.com/article/S0952-3278(23)00046-7/fulltext
92,Serum,NMR,Chenomx,"Critically ill, mechanically ventilated patients with septic shock",20,230,4,"Daubney et al., Crit. Care Expl. 2024",https://journals.lww.com/ccejournal/fulltext/2024/01000/a_genome_wide_association_study_of_serum.9.aspx
93,Predominantly plasma,NMR,Nightingale,Meta-analysis of 33 cohorts with updated quantification version of Nightingale platform,233,"136,016",>400 independent loci,"Karjalainen et al., Nature 2024",https://www.nature.com/articles/s41586-024-07148-y
94,Plasma,NMR,Nightingale,Estonian Biobank and UK Biobank,249,"619,372","89,489 locus-metabolite pairs at 8,917 loci","Tambets et al., medRxiv 2024",https://www.medrxiv.org/content/10.1101/2024.10.15.24315557v2
95,Plasma,NMR,Nightingale,UK Biobank,249,"~450,000","29,824 locus–metabolite associations mapping to 753 regions","Zoodsma et al., medRxiv 2025",https://www.medrxiv.org/content/10.1101/2025.01.30.25321073v1
96,Urine,NMR,Nightingale Health urine NMR platform,3 European cohorts,54,"8,011",26 loci (54 associations for 19 metabolites),"Valo et al., Nat. Comms 2025",https://www.nature.com/articles/s41467-024-55182-1
97,Blood,Non-targeted MS,Metabolon/Broad platform,TOPMed,"up to 1,666","up to 11,840","1985 novel, validated 761 known","Feofanova et al., Nat. Comms 2023",https://www.nature.com/articles/s41467-023-38800-2
98,Blood,Non-targeted MS,Metabolon HD4,NEO and Rhineland Study,224 with 10%-90% missingness,"594 + 4,165",55 associations with missingness,"Faquih et al., medRxiv 2024",https://www.medrxiv.org/content/10.1101/2024.10.02.24314800v3
